INSERT INTO patient VALUES
    (1, '1960-01-01', 'female'),
    (2, '1960-01-01', 'female'),
    (3, '1980-01-01', 'male'),
    (4, '2000-01-01', 'male'),
    (5, '2020-01-01', 'female'),
    (6, '1960-01-01', 'female'),
    (7, '1980-01-01', 'male'),
    (8, '2000-01-01', 'male'),
    (9, '2020-01-01', 'female');

INSERT INTO encounter VALUES
    (11, 1, '2017-01-01', '2017-02-01', 'IMP'),
    (22, 2, '2017-01-01', '2017-02-01', 'IMP'),
    (33, 3, '2018-01-01', '2018-02-01', 'IMP'),
    (44, 4, '2019-01-01', '2019-02-01', 'IMP'),
    (55, 5, '2020-01-01', '2020-02-01', 'AMB'),    
    (66, 6, '2017-01-01', '2017-02-01', 'IMP'),
    (77, 7, '2018-01-01', '2018-02-01', 'IMP'),
    (88, 8, '2019-01-01', '2019-02-01', 'IMP'),
    (99, 9, '2020-01-01', '2020-02-01', 'AMB');

INSERT INTO observation (observation_id, encounter_id, patient_id, date_time, number_value) VALUES
    (111, 11, 1, '2020-01-05', 31),
    (112, 11, 1, '2020-01-01', 10),
    (113, 11, 1, '2020-01-02', 20),
    (114, 11, 1, '2020-01-03', 30),
    
    (221, 22, 2, '2020-01-01', 31),
    (222, 22, 2, '2019-01-01', 10),
    (223, 22, 2, '2019-01-02', 20),
    (224, 22, 2, '2019-01-03', 30),

    (331, 33, 3, '2020-01-01', 31),
    (332, 33, 3, '2019-10-01', 10),
    (333, 33, 3, '2019-11-01', 20),
    (334, 33, 3, '2019-12-01', 30),
    
    (441, 44, 4, '2020-01-01', 31),
    (442, 44, 4, '2019-10-01', 150),
    (443, 44, 4, '2019-11-01', 160),
    (444, 44, 4, '2019-12-01', 355),
    
    (551, 55, 5, '2020-01-05', 31),
    (552, 55, 5, '2020-01-01', 150),
    (553, 55, 5, '2020-01-02', 160),
    (554, 55, 5, '2020-01-03', 355),
    
    (661, 66, 6, '2020-01-04', 270),
    (662, 66, 6, '2020-01-01', 200),
    (663, 66, 6, '2020-01-02', 230),
    (664, 66, 6, '2020-01-03', 260),

    (771, 77, 7, '2020-01-04', 100),
    (772, 77, 7, '2020-01-01', 400),
    (773, 77, 7, '2020-01-02', 300),
    (774, 77, 7, '2020-01-03', 200),

    (881, 88, 8, '2020-01-04', 100),
    
    (991, 99, 9, '2020-01-05', 31),
    (992, 99, 9, '2017-01-02', 10),
    (993, 99, 9, '2018-01-03', 20),
    (994, 99, 9, '2019-01-04', 30);

INSERT INTO observation_coding (observation_id, system, code) VALUES
    (111, 'http://loinc.org', '2160-0'),
    (112, 'http://loinc.org', '2160-0'),
    (113, 'http://loinc.org', '2160-0'),
    (114, 'http://loinc.org', '2160-0'),

    (221, 'http://loinc.org', '2160-0'),
    (222, 'http://loinc.org', '2160-0'),
    (223, 'http://loinc.org', '2160-0'),
    (224, 'http://loinc.org', '2160-0'),
    
    (331, 'http://loinc.org', '2160-0'),
    (332, 'http://loinc.org', '2160-0'),
    (333, 'http://loinc.org', '2160-0'),
    (334, 'http://loinc.org', '2160-0'),
    
    (441, 'http://loinc.org', '2160-0'),
    (442, 'http://loinc.org', '2160-0'),
    (443, 'http://loinc.org', '2160-0'),
    (444, 'http://loinc.org', '2160-0'),
    
    (551, 'http://loinc.org', '2160-0'),
    (552, 'http://loinc.org', '2160-0'),
    (553, 'http://loinc.org', '2160-0'),
    (554, 'http://loinc.org', '2160-0'),

    (661, 'http://loinc.org', '2160-0'),
    (662, 'http://loinc.org', '2160-0'),
    (663, 'http://loinc.org', '2160-0'),
    (664, 'http://loinc.org', '2160-0'),
    
    (771, 'http://loinc.org', '2160-0'),
    (772, 'http://loinc.org', '2160-0'),
    (773, 'http://loinc.org', '2160-0'),
    (774, 'http://loinc.org', '2160-0'),

    (881, 'http://loinc.org', '2160-0'),

    (991, 'http://loinc.org', '2160-0'),
    (992, 'http://loinc.org', '2160-0'),
    (993, 'http://loinc.org', '2160-0'),
    (994, 'http://loinc.org', '2160-0');