INSERT INTO patient VALUES
    (11, '2001-01-01', 'male'),
    (12, '2001-01-01', 'female'),
    (13, '1951-01-01', 'male'),
    (14, '1951-01-01', 'female'),
    (15, '1951-01-01', 'male'),
    
    (21, '2002-01-01', 'male'),
    (22, '2002-01-01', 'female'),
    (23, '1952-01-01', 'male'),
    (24, '1952-01-01', 'female'),
    (25, '1952-01-01', 'male'),
    
    (31, '2003-01-01', 'male'),
    (32, '2003-01-01', 'female'),
    (33, '1953-01-01', 'male'),
    (34, '1953-01-01', 'female'),
    (35, '1953-01-01', 'male'),

    (4, '1940-01-03', 'male');

INSERT INTO encounter VALUES
    (11, 11, '2017-01-01', '2017-02-01', 'IMP'),
    (12, 12, '2017-01-01', '2017-02-01', 'IMP'),
    (13, 13, '2017-01-01', '2017-02-01', 'IMP'),
    (14, 14, '2017-01-01', '2017-02-01', 'IMP'),
    (15, 15, '2017-01-01', '2017-02-01', 'IMP'),
    
    (21, 21, '2017-01-01', '2017-02-01', 'IMP'),
    (22, 22, '2017-01-01', '2017-02-01', 'IMP'),
    (23, 23, '2017-01-01', '2017-02-01', 'IMP'),
    (24, 24, '2017-01-01', '2017-02-01', 'IMP'),
    (25, 25, '2017-01-01', '2017-02-01', 'IMP'),

    (31, 31, '2017-01-01', '2017-02-01', 'IMP'),
    (32, 32, '2017-01-01', '2017-02-01', 'IMP'),
    (33, 33, '2017-01-01', '2017-02-01', 'IMP'),
    (34, 34, '2017-01-01', '2017-02-01', 'IMP'),
    (35, 35, '2017-01-01', '2017-02-01', 'IMP'),

    (4, 4, '2017-01-01', '2017-02-01', 'IMP');

INSERT INTO medication VALUES (1), (2);

INSERT INTO medication_coding (medication_id, system, code) VALUES 
	(1, 'http://fhir.de/CodeSystem/bfarm/atc', 'atc1'),
	(2, 'http://fhir.de/CodeSystem/bfarm/atc', 'atc2');
	
INSERT INTO medication_administration (medication_administration_id, encounter_id, patient_id, medication_id, start_date_time, end_date_time) VALUES
    (11, 11, 11, 1, '2020-01-01', '2020-01-02'),
    (12, 12, 12, 1, '2020-01-01', '2020-01-02'),
    (13, 13, 13, 1, '2020-01-01', '2020-01-02'),
    (14, 14, 14, 1, '2020-01-01', '2020-01-02'),
    (15, 15, 15, 1, '2019-01-01', '2019-01-02'),
    (4, 4, 4, 2, '2021-01-01', '2021-01-02');	

INSERT INTO medication_request (medication_request_id, encounter_id, patient_id, medication_id, start_date_time, end_date_time) VALUES
    (21, 21, 21, 1, '2020-01-01', '2020-01-02'),
    (22, 22, 22, 1, '2020-01-01', '2020-01-02'),
    (23, 23, 23, 1, '2020-01-01', '2020-01-02'),
    (24, 24, 24, 1, '2020-01-01', '2020-01-02'),
    (25, 25, 25, 1, '2019-01-01', '2019-01-02');	

INSERT INTO medication_statement (medication_statement_id, encounter_id, patient_id, medication_id, start_date_time, end_date_time) VALUES
    (31, 31, 31, 1, '2020-01-01', '2020-01-02'),
    (32, 32, 32, 1, '2020-01-01', '2020-01-02'),
    (33, 33, 33, 1, '2020-01-01', '2020-01-02'),
    (34, 34, 34, 1, '2020-01-01', '2020-01-02'),
    (35, 35, 35, 1, '2019-01-01', '2019-01-02');